강남구 미쉐린,미쉐린 도로명주소,미쉐린 위도,미쉐린 경도
쿠시카와,서울특별시 강남구 논현로 24길 37,37.4827851,127.0456289
에빗,서울특별시 강남구 도곡로 23길 33,37.4944278,127.0386818
피양콩 할마니,서울특별시 강남구 삼성로 81길 30,37.5041291,127.0552371
보름쇠,서울특별시 강남구 테헤란로 81길 36,37.5092973,127.0565496
팀호완,서울특별시 강남구 봉은사로 86길 30,37.5114126,127.0567797
이타닉 가든,서울특별시 강남구 테헤란로 231,37.5032113,127.0414917
레스토랑 알렌,서울특별시 강남구 테헤란로 231,37.5032113,127.0414917
외고집 설렁탕,서울특별시 강남구 삼성로 555,37.5110348,127.0539644
곰바위,서울특별시 강남구 영동대로 115길 10,37.5148832,127.0588034
아티피크,서울특별시 강남구 영동대로 122길 2,37.5167625,127.0594209
코자차,서울특별시 강남구 학동로 97길 17,37.520883,127.0552068
봉밀가,서울특별시 강남구 선릉로 664,37.5158959,127.0422861
세븐스도어,서울특별시 강남구 학동로 97길 41,37.5224135,127.054306
톡톡,서울특별시 강남구 학동로 97길 41,37.5224135,127.054306
텐지몽,서울특별시 강남구 학동로 97길 41,37.5224135,127.054306
익스퀴진,서울특별시 강남구 삼성로 140길 6,37.5210512,127.0496747
온,서울특별시 강남구 도산대로 92길 42,37.5219885,127.0493831
게방식당,서울특별시 강남구 선릉로 131길 17,37.5172952,127.0394411
무오키,서울특별시 강남구 학동로 55길 12-12,37.5190288,127.0422414
원 디그리 노스,서울특별시 강남구 학동로 43길 8,37.5166424,127.0374414
진미 평양냉면,서울특별시 강남구 학동로 305-3,37.5161614,127.036033
엘픽,서울특별시 강남구 도산대로 78길 25,37.5223911,127.046593
미토우,서울특별시 강남구 도산대로 70길 24,37.5221245,127.045049
빈호,서울특별시 강남구 학동로 43길 38,37.5184523,127.03803
강민철 레스토랑,서울특별시 강남구 도산대로 68길 18,37.5224625,127.0445177
무니,서울특별시 강남구 도산대로 72길 16,37.5229456,127.0454854
쿠시아게 진,서울특별시 강남구 선릉로 148길 52-10,37.52243,127.0437001
에빠뉘,서울특별시 강남구 선릉로 146길 33,37.5218771,127.042549
레스토랑 오와이,서울특별시 강남구 선릉로 148길 48-12,37.5222227,127.0432614
필레터,서울특별시 강남구 선릉로 148길40-4,37.5224389,127.0427292
산다이,서울특별시 강남구 선릉로 148길 48,37.5227344,127.0433975
오쏜도,서울특별시 강남구 선릉로 146길 27-8,37.5222779,127.0423149
시오,서울특별시 강남구 도산대로54길 33,37.5205317,127.0392243
알라 프리마,서울특별시 강남구 학동로 17길 13,37.513565,127.0260239
일판,서울특별시 강남구 도산대로 420,37.5230411,127.0419873
스시 마츠모토,서울특별시 강남구 도산대로 75길 24,37.5252536,127.0457722
볼트 스테이크하우스,서울특별시 강남구 압구정로 72길 22,37.5250201,127.0449728
권숙수,서울특별시 강남구 압구정로 80길 37,37.524384,127.0435585
밍글스,서울특별시 강남구 도산대로 67길 19,37.525389,127.0441743
옳음,서울특별시 강남구 선릉로 152길 37,37.5246691,127.0427083
레스쁘아 뒤 이부,서울특별시 강남구 도산대로 59길 16,37.5247473,127.0423846
라미띠에,서울특별시 강남구 도산대로 67길 30,37.5259563,127.044561
오프닝,서울특별시 강남구 도산대로 34길 22,37.5189052,127.0310597
일드청담,서울특별시 강남구 도산대로 59길 13,37.5246608,127.0419249
코지마,서울특별시 강남구 압구정로 60길 21,37.5259514,127.041927
알고리즘,서울특별시 강남구 도산대로 49길 8,37.5233671,127.0374302
정식당,서울특별시 강남구 선릉로 158길 11,37.5256734,127.0410846
기가스,서울특별시 강남구 도산대로 45길 8-7,37.5230466,127.0364008
비스트로 드 욘트빌,서울특별시 강남구 선릉로 158길 13-7,37.5260412,127.0411927
볼피노,서울특별시 강남구 도산대로 45길 10-7,37.5234966,127.0364206
소이연남마오,서울특별시 강남구 도산대로 53길 30,37.5251463,127.0389161
트리드,서울특별시 강남구 선릉로 162길 16,37.5266961,127.0416829
우가,서울특별시 강남구 도산대로 49길 22,37.5243885,127.0373578
현우동,서울특별시 강남구 논현로 149길 53,37.5170069,127.024286
고료리 켄,서울특별시 강남구 언주로 152길 15-3,37.5230149,127.0347969
안티트러스트,서울특별시 강남구 선릉로 162길 12,37.526753,127.0414632
솔밤,서울특별시 강남구 도산대로 37길 6,37.5214168,127.0316876
더 그린테이블,서울특별시 강남구 선릉로 155길 13,37.525346,127.0385762
파씨오네,서울특별시 강남구 언주로 164길 39,37.5254479,127.0367389
임프레션,서울특별시 강남구 언주로 164길 24,37.5253624,127.0354879
만두집,서울특별시 강남구 압구정로 338,37.527921,127.0389013
있을 재,서울특별시 강남구 언주로 168길 19,37.5263757,127.0352195
스시결,서울특별시 강남구 언주로168길 16,37.5261518,127.0349309
삼원가든,서울특별시 강남구 언주로 835,37.5249685,127.0326688
스시 마이,서울특별시 강남구 언주로 168길 6,37.5264056,127.0339591
하네,서울특별시 강남구 언주로 172길 14,37.5276336,127.0348904
미미 면가,서울특별시 강남구 강남대로 160길 29,37.5200869,127.0210965
스와니예,서울특별시 강남구 강남대로 652,37.519457,127.0191187
르오뇽,서울특별시 강남구 압구정로 4길 13-4,37.521777,127.0205316