도로명주소,Latitude,Longitude
서울특별시 강남구 압구정로80길 37,37.524384,127.0435585
서울특별시 강남구 언주로152길 8,37.5224999,127.0342775
서울특별시 강남구 선릉로155길 13,37.525346,127.0385762
서울특별시 강남구 도산대로67길 30,37.5259563,127.044561
서울특별시 강남구 선릉로152길 33,37.5245501,127.0423009
서울특별시 강남구 학동로55길 12-12,37.5190288,127.0422414
서울특별시 강남구 압구정로80길 19-2,37.5244838,127.0450017
서울특별시 강남구 도산대로67길 19,37.525389,127.0441743
서울특별시 강남구 선릉로158길 13-7,37.5260412,127.0411927
서울특별시 강남구 학동로97길 41,37.5224135,127.054306
서울특별시 강남구 도산대로45길 6,37.5228477,127.0363682
서울특별시 강남구 압구정로42길 49,37.5256434,127.0345412
서울특별시 강남구 강남대로 652,37.519457,127.0191187
서울특별시 강남구 학동로17길 13,37.513565,127.0260239
서울특별시 강남구 테헤란로 231,37.5032113,127.0414917
서울특별시 강남구 선릉로158길 11,37.5256734,127.0410846
서울특별시 강남구 도산대로 457,37.5244162,127.0465576
서울특별시 강남구 압구정로60길 21,37.5259514,127.041927
서울특별시 강남구 학동로97길 41,37.5224135,127.054306
서울특별시 강남구 언주로164길 39,37.5254479,127.0367389
서울특별시 강남구 언주로167길 35,37.5263754,127.0302672
서울특별시 강남구 도산대로45길 8-3,37.5229945,127.0362381
서울특별시 강남구 논현로79길 62,37.4963219,127.034042
서울특별시 강남구 언주로152길 15-3,37.5230149,127.0347969
서울특별시 강남구 영동대로115길 10,37.5148832,127.0588034
서울특별시 강남구 압구정로 108,37.5229191,127.0205789
서울특별시 강남구 선릉로152길 17,37.524441,127.0410589
서울특별시 강남구 도산대로 132,37.5171918,127.0232271
서울특별시 강남구 선릉로162길 43,37.5263902,127.0440211
서울특별시 강남구 양재천로 167,37.4816943,127.0447596
서울특별시 강남구 강남대로124길 19,37.5092624,127.0241438
서울특별시 강남구 강남대로162길 22,37.5201074,127.0204487
서울특별시 강남구 봉은사로 333,37.5109479,127.047282
서울특별시 강남구 역삼로 118,37.4933484,127.0320347
서울특별시 강남구 선릉로148길 37,37.5229638,127.0425424
서울특별시 강남구 영동대로 648,37.5199859,127.0577213
서울특별시 강남구 도산대로11길 28,37.519367,127.0225811
서울특별시 강남구 도산대로 420,37.5230411,127.0419873
서울특별시 강남구 영동대로142길 13-3,37.5244137,127.0555561
서울특별시 강남구 도산대로45길 10-5,37.5234282,127.036206
서울특별시 강남구 도산대로92길 42,37.5219885,127.0493831
서울특별시 강남구 도산대로45길 8-1,37.5229303,127.0360298
서울특별시 강남구 압구정로10길 30-12,37.5222698,127.0215504
서울특별시 강남구 논현로175길 109,37.5223434,127.0206231
서울특별시 강남구 압구정로 338,37.527921,127.0389013
서울특별시 강남구 도산대로90길 17,37.5233612,127.0490275
서울특별시 강남구 삼성로85길 26,37.5050689,127.054985
서울특별시 강남구 선릉로155길 5,37.5251096,127.0390868
서울특별시 강남구 도산대로72길 16,37.5229456,127.0454854
서울특별시 강남구 선릉로146길 3,37.5219183,127.0399604
서울특별시 강남구 논현로26길 4,37.481723,127.0435728
서울특별시 강남구 도산대로70길 24,37.5221245,127.045049
서울특별시 강남구 강남대로128길 22,37.510083,127.0241178
서울특별시 강남구 압구정로48길 39,37.525931,127.0370724
서울특별시 강남구 언주로170길 16,37.5267938,127.035011
서울특별시 강남구 선릉로 664,37.5158959,127.0422861
서울특별시 강남구 논현로94길 25-3,37.5030429,127.038146
서울특별시 강남구 언주로 835,37.5249685,127.0326688
서울특별시 강남구 압구정로80길 26,37.5248042,127.0446044
서울특별시 강남구 논현로175길 109,37.5223434,127.0206231
서울특별시 강남구 언주로 835,37.5249685,127.0326688
서울특별시 강남구 강남대로 512,37.5078464,127.0233683
서울특별시 강남구 강남대로162길 40,37.5207075,127.0215947
서울특별시 강남구 압구정로18길 14-6,37.5238484,127.0243133
서울특별시 강남구 논현로167길 15,37.5244752,127.0268518
서울특별시 강남구 언주로168길 6,37.5264056,127.0339591
서울특별시 강남구 도산대로75길 24,37.5252536,127.0457722
서울특별시 강남구 도산대로55길 18,37.5246404,127.04057
서울특별시 강남구 도산대로 318,37.5220158,127.0363493
서울특별시 강남구 언주로172길 14,37.5276336,127.0348904
서울특별시 강남구 선릉로131길 23,37.5171927,127.0391027
서울특별시 강남구 선릉로64길 23,37.4983093,127.0541735
서울특별시 강남구 테헤란로87길 29,37.5096735,127.0579536
서울특별시 강남구 압구정로60길 18,37.5262015,127.041707
서울특별시 강남구 강남대로124길 3-9,37.50933,127.0228224
서울특별시 강남구 도산대로45길 10-11,37.5235717,127.0368882
서울특별시 강남구 도산대로 153,37.5188499,127.025219
서울특별시 강남구 선릉로162길 12,37.526753,127.0414632
서울특별시 강남구 선릉로158길 13-7,37.5260412,127.0411927
서울특별시 강남구 언주로165길 7-12,37.5250735,127.0322365
서울특별시 강남구 선릉로148길 48-12,37.5222227,127.0432614
서울특별시 강남구 언주로174길 22,37.5280929,127.0356866
서울특별시 강남구 삼성로 555,37.5110348,127.0539644
서울특별시 강남구 도산대로49길 22,37.5243885,127.0373578
서울특별시 강남구 선릉로152길 21,37.5244965,127.0414635
서울특별시 강남구 학동로6길 16,37.5107835,127.0239146
서울특별시 강남구 테헤란로 521,37.5090474,127.060893
서울특별시 강남구 선릉로148길 48,37.5227344,127.0433975
서울특별시 강남구 도산대로58길 14,37.5224083,127.0412849
서울특별시 강남구 논현로57길 38,37.4909851,127.0379884
서울특별시 강남구 선릉로155길 23-3,37.5253822,127.0376804
서울특별시 강남구 삼성로140길 6,37.5210512,127.0496747
서울특별시 강남구 도산대로59길 13,37.5246608,127.0419249
서울특별시 강남구 언주로164길 24,37.5253624,127.0354879
서울특별시 강남구 언주로168길 19,37.5263757,127.0352195
서울특별시 강남구 선릉로158길 11,37.5256734,127.0410846
서울특별시 강남구 영동대로86길 17,37.5083134,127.0654678
서울특별시 강남구 논현로94길 15,37.5026994,127.0375409
서울특별시 강남구 학동로 305-3,37.5161614,127.036033
서울특별시 강남구 논현로175길 107,37.5224442,127.0208238
서울특별시 강남구 테헤란로 606,37.5085664,127.0641471
서울특별시 강남구 학동로97길 17,37.520883,127.0552068
서울특별시 강남구 강남대로 652,37.519457,127.0191187
서울특별시 강남구 학동로97길 41,37.5224135,127.054306
서울특별시 강남구 언주로148길 19,37.5210544,127.0360609
서울특별시 강남구 테헤란로87길 33,37.5098065,127.0578853
서울특별시 강남구 도산대로81길 51,37.5271238,127.0457791
서울특별시 강남구 봉은사로68길 6-5,37.5112619,127.0494907
서울특별시 강남구 논현로150길 6,37.5189566,127.0291524
서울특별시 강남구 광평로 205,37.4848698,127.0952321
서울특별시 강남구 테헤란로 521,37.5090474,127.060893
서울특별시 강남구 언주로148길 14,37.5204069,127.0360954
서울특별시 강남구 압구정로38길 14,37.527824,127.0324911
서울특별시 강남구 논현로175길 109,37.5223434,127.0206231
서울특별시 강남구 논현로149길 53,37.5170069,127.024286
서울특별시 강남구 압구정로34길 26,37.5263722,127.0305276
서울특별시 강남구 강남대로 506,37.5075072,127.0235049
서울특별시 강남구 압구정로 416,37.5269156,127.0424194
서울특별시 강남구 테헤란로 142,37.4997187,127.0348982
서울특별시 강남구 선릉로162길 12,37.526753,127.0414632
서울특별시 강남구 언주로135길 13,37.5167801,127.0341052
서울특별시 강남구 압구정로79길 38,37.5252718,127.0502664
서울특별시 강남구 논현로152길 34,37.5214515,127.0309347
서울특별시 강남구 테헤란로5길 11,37.4995267,127.0292602
서울특별시 강남구 압구정로 110,37.5229663,127.0209482
서울특별시 강남구 테헤란로 421,37.5060054,127.0525284
서울특별시 강남구 삼성로104길 12,37.5108549,127.0557384
서울특별시 강남구 선릉로158길 18,37.5252641,127.0414493
서울특별시 강남구 압구정로48길 35,37.5261039,127.0370897
서울특별시 강남구 강남대로 390,37.4978461,127.0286372
서울특별시 강남구 학동로4길 15,37.5105327,127.0235227
서울특별시 강남구 선릉로131길 16,37.5176545,127.0396516
서울특별시 강남구 삼성로 340,37.5019708,127.0595756
서울특별시 강남구 압구정로2길 15,37.5207331,127.0199706
서울특별시 강남구 테헤란로13길 8-10,37.5003563,127.0332463
서울특별시 강남구 언주로174길 26,37.527993,127.0358546
서울특별시 강남구 논현로175길 40,37.5250912,127.0253317
서울특별시 강남구 도곡로70길 5,37.4970053,127.0566182
서울특별시 강남구 봉은사로 610,37.514077,127.0616549
서울특별시 강남구 봉은사로 137,37.5063121,127.029525
서울특별시 강남구 도곡로4길 12,37.4891875,127.0334362
서울특별시 강남구 봉은사로4길 32,37.5027789,127.0266567
서울특별시 강남구 선릉로131길 22,37.5175074,127.0391743
서울특별시 강남구 학동로6길 37,37.5099429,127.0257215
서울특별시 강남구 압구정로46길 50,37.525382,127.0356949
서울특별시 강남구 삼성로 534,37.5097337,127.0556437
서울특별시 강남구 학동로41길 23,37.5175146,127.0361596
서울특별시 강남구 테헤란로25길 34,37.5027556,127.0352544
서울특별시 강남구 역삼로 450,37.5021852,127.0564316
서울특별시 강남구 강남대로 482,37.5054266,127.0245167
서울특별시 강남구 도산대로49길 20,37.5241948,127.0373823
서울특별시 강남구 논현로 854,37.5254187,127.028869
서울특별시 강남구 선릉로162길 51,37.5262036,127.0447439
서울특별시 강남구 삼성로149길 13,37.5231857,127.0465505
서울특별시 강남구 테헤란로 231,37.5032113,127.0414917
서울특별시 강남구 도곡로 184,37.4916885,127.0397809
서울특별시 강남구 도산대로101길 9,37.525769,127.0524275
서울특별시 강남구 테헤란로7길 22,37.500961,127.0306229
서울특별시 강남구 도산대로37길 28,37.5228568,127.0315325
서울특별시 강남구 언주로121길 4-3,37.5118863,127.0350661
서울특별시 강남구 도산대로49길 10-3,37.5238073,127.0376812
서울특별시 강남구 도산대로62길 12,37.5226413,127.0429582
서울특별시 강남구 논현로 408,37.496679,127.0392186
서울특별시 강남구 봉은사로55길 25,37.5121469,127.0439456
서울특별시 강남구 논현로71길 18,37.4948753,127.0380171
서울특별시 강남구 학동로25길 11,37.5143573,127.0288501
서울특별시 강남구 양재천로 167,37.4816943,127.0447596
서울특별시 강남구 도산대로 216,37.5200179,127.0304813
서울특별시 강남구 논현로36길 17,37.4850626,127.0431904
서울특별시 강남구 도산대로51길 17,37.5242307,127.0377654
서울특별시 강남구 언주로174길 26,37.527993,127.0358546
서울특별시 강남구 양재천로 179,37.4822025,127.0456054
서울특별시 강남구 선릉로86길 5-4,37.5034783,127.0502361
서울특별시 강남구 논현로151길 55,37.5194812,127.0236789
서울특별시 강남구 도산대로49길 10-1,37.5237783,127.037535
서울특별시 강남구 역삼로64길 18,37.4998994,127.0530565
서울특별시 강남구 압구정로80길 37,37.524384,127.0435585
서울특별시 강남구 도산대로 232,37.5202882,127.0322154
서울특별시 강남구 학동로50길 42,37.5139001,127.0406531
서울특별시 강남구 삼성로 642,37.5174041,127.0513608
서울특별시 강남구 도산대로 211,37.5206614,127.0297784
서울특별시 강남구 논현로149길 31,37.5177305,127.0259532
서울특별시 강남구 도산대로17길 10,37.5194063,127.0249293
서울특별시 강남구 압구정로28길 18,37.5254752,127.0275733
서울특별시 강남구 논현로176길 22,37.5272745,127.0303366
서울특별시 강남구 강남대로160길 29,37.5200869,127.0210965
서울특별시 강남구 도산대로 417,37.5238332,127.0411132
서울특별시 강남구 논현로 854,37.5254187,127.028869
서울특별시 강남구 언주로172길 54,37.5268493,127.0380415
서울특별시 강남구 선릉로152길 11,37.5243096,127.0404413
서울특별시 강남구 역삼로 521,37.5037986,127.0602481
서울특별시 강남구 테헤란로43길 17,37.5044415,127.0436869
서울특별시 강남구 선릉로152길 40,37.5242789,127.0426614
서울특별시 강남구 압구정로72길 22,37.5250201,127.0449728
서울특별시 강남구 도산대로45길 10-7,37.5234966,127.0364206
서울특별시 강남구 언주로98길 8-1,37.5047676,127.0426316
서울특별시 강남구 봉은사로68길 8,37.5112882,127.0498578
서울특별시 강남구 강남대로102길 31,37.5031009,127.0277361
서울특별시 강남구 선릉로108길 5,37.5095622,127.0446169
서울특별시 강남구 압구정로14길 36,37.5220105,127.0232675
서울특별시 강남구 선릉로152길 33,37.5245501,127.0423009
서울특별시 강남구 압구정로 214,37.5279527,127.0307698
서울특별시 강남구 논현로175길 111,37.5223048,127.0204123
서울특별시 강남구 영동대로 611,37.5147733,127.0593812
서울특별시 강남구 학동로101길 7,37.5208705,127.0576271
서울특별시 강남구 도산대로101길 6,37.525518,127.0529061
서울특별시 강남구 선릉로 629,37.5128955,127.0425393
서울특별시 강남구 학동로 223-9,37.5152088,127.0333469
서울특별시 강남구 봉은사로 418,37.510604,127.0459371
서울특별시 강남구 언주로164길 24,37.5253624,127.0354879
서울특별시 강남구 논현로36길 29,37.4852017,127.0441957
서울특별시 강남구 선릉로100길 42,37.5065578,127.0508536
서울특별시 강남구 도산대로70길 24,37.5221245,127.045049
서울특별시 강남구 언주로152길 11-3,37.5229231,127.034506
서울특별시 강남구 선릉로145길 5-12,37.520766,127.0393051
서울특별시 강남구 압구정로71길 4,37.5268895,127.0457338
서울특별시 강남구 언주로174길 30,37.5278596,127.0362455
서울특별시 강남구 언주로165길 7-10,37.5252173,127.0322584
서울특별시 강남구 봉은사로 524,37.5125207,127.0588194
서울특별시 강남구 선릉로152길 37,37.5246691,127.0427083
서울특별시 강남구 도산대로54길 33,37.5205317,127.0392243
서울특별시 강남구 도산대로46길 11,37.5213123,127.036684
서울특별시 강남구 도산대로 408,37.5230054,127.0402395
서울특별시 강남구 논현로 508,37.5020938,127.0367984
서울특별시 강남구 선릉로116길 24,37.5128185,127.0450993
서울특별시 강남구 영동대로 333,37.5041171,127.0648613
서울특별시 강남구 봉은사로 524,37.5125207,127.0588194
서울특별시 강남구 삼성로108길 8,37.5117913,127.0547593
서울특별시 강남구 언주로 118,37.4865165,127.0518831
서울특별시 강남구 압구정로30길 16,37.5264725,127.0290437
서울특별시 강남구 압구정로46길 5-10,37.5279081,127.0374945
서울특별시 강남구 도산대로 420,37.5230411,127.0419873
서울특별시 강남구 도산대로45길 11,37.5230627,127.0352085
서울특별시 강남구 영동대로129길 22,37.5183764,127.0556822
서울특별시 강남구 언주로135길 34,37.5166325,127.032463
서울특별시 강남구 논현로28길 42,37.4841773,127.0454865
서울특별시 강남구 선릉로146길 33,37.5218771,127.042549
서울특별시 강남구 삼성로75길 9,37.5033865,127.0574782
서울특별시 강남구 삼성로71길 7,37.5021276,127.0583283
서울특별시 강남구 언주로148길 8,37.5203179,127.0353355
서울특별시 강남구 도산대로90길 3,37.5239654,127.049586
서울특별시 강남구 강남대로162길 41,37.5209918,127.0216068
서울특별시 강남구 논현로79길 66,37.496179,127.0335763
서울특별시 강남구 도산대로55길 20,37.5247834,127.0406188
서울특별시 강남구 학동로50길 14,37.5157154,127.0399537
서울특별시 강남구 선릉로152길 37,37.5246691,127.0427083
서울특별시 강남구 압구정로4길 13-7,37.5221346,127.0207336
서울특별시 강남구 도산대로 130,37.5171791,127.0229775
서울특별시 강남구 강남대로84길 23,37.4971347,127.0303771
서울특별시 강남구 도산대로 406,37.522821,127.0399628
서울특별시 강남구 논현로152길 35,37.52175,127.0309456
서울특별시 강남구 도산대로30길 23,37.5184382,127.0301249
서울특별시 강남구 압구정로42길 25-10,37.5269811,127.0357853
서울특별시 강남구 강남대로110길 6,37.5040369,127.0254471
서울특별시 강남구 논현로94길 29-5,37.5033293,127.0384534
서울특별시 강남구 언주로165길 7-4,37.5255742,127.0323165
서울특별시 강남구 언주로149길 7,37.5204301,127.0335214
서울특별시 강남구 논현로 831,37.5225787,127.0276935
서울특별시 강남구 강남대로124길 27,37.5094672,127.0248122
서울특별시 강남구 도산대로75길 24,37.5252536,127.0457722
서울특별시 강남구 삼성로112길 10,37.5146372,127.053301
서울특별시 강남구 강남대로150길 12,37.5158254,127.0208717
서울특별시 강남구 선릉로148길 48,37.5227344,127.0433975
서울특별시 강남구 도산대로 540,37.5245027,127.0527589
서울특별시 강남구 강남대로152길 69,37.5191249,127.024749
서울특별시 강남구 도산대로59길 9,37.5244783,127.0419141
서울특별시 강남구 선릉로158길 16,37.5253065,127.0412641
서울특별시 강남구 언주로 517,37.5046469,127.0412634
서울특별시 강남구 압구정로29길 67,37.5319894,127.0269384
서울특별시 강남구 강남대로44길 24,37.4861404,127.0358263
서울특별시 강남구 논현로149길 62,37.5169961,127.023584
서울특별시 강남구 삼성로 719,37.5199744,127.0492517
서울특별시 강남구 선릉로155길 23-3,37.5253822,127.0376804
서울특별시 강남구 선릉로148길 52-10,37.52243,127.0437001
서울특별시 강남구 강남대로156길 17-1,37.5184967,127.0205028
서울특별시 강남구 언주로150길 51,37.5221798,127.03835
서울특별시 강남구 언주로30길 26,37.4873359,127.0528298
서울특별시 강남구 삼성로 766,37.5232295,127.0481793
서울특별시 강남구 선릉로162길 16,37.5266961,127.0416829
서울특별시 강남구 학동로59길 43,37.5202953,127.0445709
서울특별시 강남구 봉은사로86길 30,37.5114126,127.0567797
서울특별시 강남구 압구정로28길 25,37.5249358,127.0278206
서울특별시 강남구 논현로 430,37.4990701,127.0383674
서울특별시 강남구 영동대로137길 3,37.5217739,127.0552543
서울특별시 강남구 도산대로90길 7,37.5237559,127.0493854
서울특별시 강남구 영동대로 618,37.5156913,127.059956
서울특별시 강남구 논현로167길 13,37.5244689,127.0270025
서울특별시 강남구 논현로28길 29,37.4838983,127.0444025
서울특별시 강남구 삼성로81길 30,37.5041291,127.0552371
서울특별시 강남구 도산대로 304,37.5212072,127.0346978
서울특별시 강남구 도산대로 308,37.5215093,127.03519
서울특별시 강남구 도산대로50길 14,37.5215154,127.0373367
서울특별시 강남구 도산대로62길 13,37.5225249,127.0431677
서울특별시 강남구 선릉로161길 5,37.5269373,127.0397897
서울특별시 강남구 도산대로49길 31,37.5250171,127.0369619
서울특별시 강남구 선릉로132길 27,37.5185642,127.0434135
서울특별시 강남구 언주로172길 30,37.5272356,127.0362012
서울특별시 강남구 논현로163길 10,37.5242211,127.0273341
서울특별시 강남구 밤고개로14길 13-48,37.4794712,127.1027992
서울특별시 강남구 선릉로155길 26,37.5257762,127.0375831
서울특별시 강남구 압구정로10길 14,37.5228074,127.0217344
서울특별시 강남구 논현로 854,37.5254187,127.028869
서울특별시 강남구 강남대로114길 21,37.5062399,127.0259825
서울특별시 강남구 선릉로86길 40-4,37.5037129,127.0530043
서울특별시 강남구 압구정로48길 28,37.5267932,127.036637
서울특별시 강남구 도산대로49길 6-7,37.5234854,127.0377835
서울특별시 강남구 압구정로2길 46,37.5187712,127.0206688
서울특별시 강남구 선릉로157길 23-3,37.5259859,127.0378994
서울특별시 강남구 강남대로62길 18,37.490455,127.0330547
서울특별시 강남구 학동로59길 5,37.518114,127.043446
서울특별시 강남구 강남대로152길 46,37.5181832,127.022992
서울특별시 강남구 선릉로148길 52,37.5228765,127.0437692
서울특별시 강남구 선릉로 660,37.5155551,127.0423675
서울특별시 강남구 테헤란로87길 21,37.5090125,127.05808
서울특별시 강남구 압구정로 455,37.525831,127.0469211
서울특별시 강남구 언주로115길 14,37.5101349,127.0354351
서울특별시 강남구 삼성로 520,37.5086967,127.0559552
서울특별시 강남구 학동로1길 21,37.5128231,127.0216591
서울특별시 강남구 봉은사로78길 12,37.5119628,127.0527842
서울특별시 강남구 테헤란로 142,37.4997187,127.0348982
서울특별시 강남구 봉은사로86길 28,37.511671,127.0569393
서울특별시 강남구 테헤란로51길 18,37.5052049,127.0463592
서울특별시 강남구 강남대로116길 37,37.5069546,127.0269642
서울특별시 강남구 언주로152길 15-6,37.5231998,127.0348958
서울특별시 강남구 선릉로146길 33,37.5218771,127.042549
서울특별시 강남구 도산대로49길 10-6,37.523692,127.0378901
서울특별시 강남구 봉은사로48길 44-17,37.5059395,127.0427053
서울특별시 강남구 강남대로 442,37.5020621,127.0262199
서울특별시 강남구 테헤란로1길 28-3,37.5004478,127.0276366
서울특별시 강남구 도산대로49길 8,37.5233671,127.0374302
서울특별시 강남구 도산대로49길 16-7,37.5240865,127.0376608
서울특별시 강남구 언주로 843,37.525739,127.0329382
서울특별시 강남구 학동로97길 41,37.5224135,127.054306
서울특별시 강남구 강남대로 652,37.519457,127.0191187
서울특별시 강남구 언주로164길 35-3,37.5255937,127.0364371
서울특별시 강남구 논현로85길 5-14,37.4986058,127.0367327
서울특별시 강남구 압구정로11길 37-30,37.5273455,127.0178679
서울특별시 강남구 테헤란로87길 46,37.5125207,127.0588194
서울특별시 강남구 압구정로79길 79,37.5261079,127.0536022
서울특별시 강남구 논현로168길 30,37.5234102,127.0305818
서울특별시 강남구 도산대로55길 26,37.5252611,127.040778
서울특별시 강남구 논현로30길 41,37.4848168,127.0449413
서울특별시 강남구 학동로81길 7,37.5195534,127.050663
서울특별시 강남구 선릉로153길 34,37.5248078,127.0366361
서울특별시 강남구 논현로28길 40,37.4840286,127.0452818
서울특별시 강남구 테헤란로92길 13,37.5071397,127.0614529
서울특별시 강남구 논현로76길 11,37.4971885,127.0398578
서울특별시 강남구 테헤란로108길 19,37.5081864,127.0663017
서울특별시 강남구 도산대로68길 18,37.5224625,127.0445177
서울특별시 강남구 도산대로50길 17,37.5204828,127.0376824
서울특별시 강남구 영동대로106길 45,37.5143423,127.0648884
서울특별시 강남구 도산대로59길 13,37.5246608,127.0419249
서울특별시 강남구 도산대로45길 8-7,37.5230466,127.0364008
서울특별시 강남구 언주로93길 10,37.5039491,127.0409715
서울특별시 강남구 압구정로42길 49,37.5256434,127.0345412
서울특별시 강남구 도산대로81길 25,37.5260266,127.0470695
서울특별시 강남구 논현로 854,37.5254187,127.028869
서울특별시 강남구 논현로175길 101-4,37.5226851,127.0211723
서울특별시 강남구 압구정로79길 19,37.5253248,127.0487779
서울특별시 강남구 학동로43길 38,37.5184523,127.03803
서울특별시 강남구 도산대로81길 16-6,37.5255896,127.0480085
서울특별시 강남구 도산대로37길 6,37.5214168,127.0316876
서울특별시 강남구 테헤란로 231,37.5032113,127.0414917
서울특별시 강남구 언주로164길 15-8,37.525919,127.0350964
서울특별시 강남구 선릉로148길 52-4,37.5228765,127.0437692
서울특별시 강남구 영동대로122길 2,37.5167625,127.0594209
서울특별시 강남구 테헤란로 231,37.5032113,127.0414917
서울특별시 강남구 도산대로78길 25,37.5223911,127.046593
서울특별시 강남구 도산대로55길 23,37.5250961,127.0403877
서울특별시 강남구 도산대로99길 26,37.5263961,127.0512571
서울특별시 강남구 삼성로 634,37.5166089,127.0517771
서울특별시 강남구 영동대로 511,37.5103975,127.0611934
서울특별시 강남구 언주로170길 22,37.5266079,127.0354167
서울특별시 강남구 영동대로 513,37.5125207,127.0588194
서울특별시 강남구 영동대로 513,37.5125207,127.0588194
서울특별시 강남구 선릉로148길 40-4,37.5224389,127.0427292
서울특별시 강남구 선릉로148길 28,37.5226099,127.0418446
서울특별시 강남구 영동대로 325,37.5031972,127.0649978
서울특별시 강남구 영동대로 22,37.4909336,127.0751203
서울특별시 강남구 선릉로157길 24,37.5263903,127.0380096
서울특별시 강남구 강남대로62길 35,37.4911095,127.0343434
서울특별시 강남구 언주로172길 65,37.5268906,127.0390855
서울특별시 강남구 밤고개로34길 14,37.463769,127.1067137
서울특별시 강남구 선릉로157길 33,37.5262836,127.0370432
서울특별시 강남구 봉은사로18길 80,37.5015718,127.0273738
서울특별시 강남구 언주로168길 6-7,37.5259922,127.0340853
서울특별시 강남구 논현로 508,37.5020938,127.0367984
서울특별시 강남구 논현로38길 46-3,37.4855857,127.0454559
서울특별시 강남구 도산대로51길 14,37.5240648,127.0380637
서울특별시 강남구 학동로 313,37.5162498,127.0374304
서울특별시 강남구 강남대로160길 19,37.5196498,127.0202603
서울특별시 강남구 압구정로42길 43,37.5260533,127.0346977
서울특별시 강남구 선릉로132길 13,37.5182729,127.0422036
서울특별시 강남구 도산대로6길 5,37.5163569,127.0216786
서울특별시 강남구 학동로43길 8,37.5166424,127.0374414
서울특별시 강남구 봉은사로 167,37.507245,127.0322546
서울특별시 강남구 언주로164길 17,37.525568,127.0349432
서울특별시 강남구 강남대로78길 8,37.4947875,127.0300669
서울특별시 강남구 테헤란로64길 24,37.5033194,127.0514593
서울특별시 강남구 강남대로 598,37.5151822,127.0202975
서울특별시 강남구 도산대로37길 21,37.5224862,127.0311722
서울특별시 강남구 압구정로79길 37-6,37.5257656,127.0505279
서울특별시 강남구 압구정로79길 19,37.5253248,127.0487779
서울특별시 강남구 도산대로45길 10-2,37.5230653,127.0359607
서울특별시 강남구 도산대로68길 18,37.5224625,127.0445177
서울특별시 강남구 압구정로 165,37.5273339,127.0274702
서울특별시 강남구 언주로174길 13,37.5285084,127.0350089
서울특별시 강남구 언주로136길 9,37.5173919,127.0363511
서울특별시 강남구 도산대로46길 8,37.5215103,127.0360809
서울특별시 강남구 논현로157길 55,37.5207977,127.0242332
서울특별시 강남구 압구정로29길 21,37.5286573,127.0276853
서울특별시 강남구 도산대로 318,37.5220158,127.0363493
서울특별시 강남구 언주로150길 32,37.5214733,127.0369669
서울특별시 강남구 압구정로10길 30-7,37.5219301,127.0215505
서울특별시 강남구 논현로 854,37.5254187,127.028869
서울특별시 강남구 논현로85길 5-11,37.498522,127.037298
서울특별시 강남구 압구정로46길 73,37.5239466,127.0366525
서울특별시 강남구 도산대로68길 15,37.5226142,127.044794
서울특별시 강남구 봉은사로 210,37.5073659,127.0351985
서울특별시 강남구 광평로 234,37.4856037,127.0983386
서울특별시 강남구 논현로167길 11,37.5244608,127.0271966
서울특별시 강남구 테헤란로25길 31,37.5025901,127.0349614
서울특별시 강남구 논현로 508,37.5020938,127.0367984
서울특별시 강남구 테헤란로37길 13-6,37.5030866,127.0401846
서울특별시 강남구 도곡로 428,37.4974416,127.0573512
서울특별시 강남구 강남대로 512,37.5078464,127.0233683
서울특별시 강남구 언주로164길 19,37.525561,127.0351263
서울특별시 강남구 학동로1길 15,37.5124075,127.0214876
서울특별시 강남구 압구정로50길 7,37.5277455,127.0386098
서울특별시 강남구 남부순환로375길 5,37.4864315,127.0442909
서울특별시 강남구 언주로148길 14,37.5204069,127.0360954
서울특별시 강남구 테헤란로87길 22,37.5095909,127.0592738
서울특별시 강남구 언주로172길 4,37.5277064,127.0341558
서울특별시 강남구 학동로2길 55,37.5081032,127.0238245
서울특별시 강남구 언주로113길 16,37.5093271,127.0359861
서울특별시 강남구 테헤란로28길 27,37.4993555,127.0394245
서울특별시 강남구 도산대로75길 21,37.5255838,127.0454132
서울특별시 강남구 도산대로50길 13,37.5216019,127.0376916
서울특별시 강남구 압구정로12길 45,37.5265851,127.0373028
서울특별시 강남구 삼성로85길 38,37.5045439,127.0542093
서울특별시 강남구 삼성로81길 22,37.5043403,127.0558701
서울특별시 강남구 언주로134길 20,37.5167163,127.0372131
서울특별시 강남구 역삼로3길 12,37.4943831,127.031571
서울특별시 강남구 역삼로 459,37.5028727,127.0573232
서울특별시 강남구 도산대로56길 17,37.521991,127.0405392
서울특별시 강남구 도곡로99길 16,37.5018594,127.0660032
서울특별시 강남구 역삼로 420,37.5010257,127.0528917
서울특별시 강남구 압구정로34길 16,37.5270531,127.0305582
서울특별시 강남구 역삼로 118,37.4933484,127.0320347
서울특별시 강남구 학동로 343,37.5174488,127.0406346
서울특별시 강남구 압구정로46길 26,37.5270756,127.0362141
서울특별시 강남구 남부순환로 2913,37.4928621,127.0586112
서울특별시 강남구 남부순환로359길 19,37.4861643,127.0362213
서울특별시 강남구 학동로101길 33,37.5224166,127.0566641
서울특별시 강남구 논현로79길 62,37.4963219,127.034042
서울특별시 강남구 영동대로 341,37.504908,127.0647194
서울특별시 강남구 도산대로49길 10-8,37.5237529,127.0380604
서울특별시 강남구 학동로30길 45,37.5112482,127.0331455
서울특별시 강남구 압구정로46길 5-10,37.5279081,127.0374945
서울특별시 강남구 도산대로45길 16-6,37.5234029,127.0358461
서울특별시 강남구 테헤란로 521,37.5090474,127.060893
서울특별시 강남구 언주로30길 26,37.4873359,127.0528298
서울특별시 강남구 봉은사로 150,37.5061222,127.0311805
서울특별시 강남구 선릉로131길 12,37.5178664,127.0398773
서울특별시 강남구 도산대로 534,37.5243842,127.0518429
서울특별시 강남구 도산대로8길 23,37.5154395,127.0226056
서울특별시 강남구 선릉로126길 6,37.5151375,127.0426527
서울특별시 강남구 남부순환로 2927,37.49391,127.060213
서울특별시 강남구 언주로30길 10,37.4873616,127.0513255
서울특별시 강남구 삼성로104길 9,37.5109742,127.0553988
서울특별시 강남구 강남대로156길 27,37.5187508,127.0213197
서울특별시 강남구 선릉로153길 18,37.5248812,127.0379955
서울특별시 강남구 도산대로49길 39,37.5255449,127.0369069
서울특별시 강남구 언주로 536,37.5061946,127.0413738
서울특별시 강남구 선릉로146길 25,37.5220347,127.0418437
서울특별시 강남구 압구정로2길 37,37.5193675,127.0206874
서울특별시 강남구 선릉로64길 26,37.4981822,127.0544208
서울특별시 강남구 선릉로152길 25,37.5244849,127.0416926
서울특별시 강남구 남부순환로 2911,37.49246,127.0579272
서울특별시 강남구 역삼로 453,37.5026853,127.056752
서울특별시 강남구 도산대로15길 18,37.5195017,127.0240624
서울특별시 강남구 압구정로30길 9,37.5267976,127.0294147
서울특별시 강남구 언주로113길 10,37.5095092,127.0364975
서울특별시 강남구 역삼로3길 20-4,37.4949208,127.0314964
서울특별시 강남구 봉은사로30길 62,37.5035609,127.0364506
서울특별시 강남구 강남대로156길 20,37.5182433,127.0208133
서울특별시 강남구 선릉로152길 5,37.5242644,127.0400066
서울특별시 강남구 논현로146길 21,37.5185188,127.0307885
서울특별시 강남구 밤고개로14길 13-50,37.479286,127.1026904
서울특별시 강남구 논현로149길 15,37.5182403,127.027242
서울특별시 강남구 밤고개로1길 10,37.4880163,127.1018486
서울특별시 강남구 강남대로152길 14,37.5171576,127.0206762
서울특별시 강남구 봉은사로4길 24,37.5032837,127.0264275
서울특별시 강남구 삼성로 545,37.5101752,127.0544314
서울특별시 강남구 압구정로46길 75,37.5238303,127.0367102
서울특별시 강남구 광평로46길 5-4,37.4859391,127.099534
서울특별시 강남구 테헤란로 606,37.5085664,127.0641471
서울특별시 강남구 압구정로8길 5,37.5230239,127.0213451
서울특별시 강남구 논현로167길 17,37.5244819,127.0266922
서울특별시 강남구 강남대로94길 27-15,37.5006646,127.0291099
서울특별시 강남구 봉은사로 130,37.5053029,127.0288672
서울특별시 강남구 도산대로 211,37.5206614,127.0297784
서울특별시 강남구 논현로139길 8,37.5166808,127.0286693
서울특별시 강남구 삼성로81길 39,37.5036385,127.054479
서울특별시 강남구 영동대로106길 33,37.5141836,127.0638424
서울특별시 강남구 선릉로152길 21,37.5244965,127.0414635
서울특별시 강남구 논현로30길 43,37.484915,127.0451113
서울특별시 강남구 선릉로121길 8,37.514094,127.0416555
서울특별시 강남구 논현로26길 41,37.4838793,127.0454002
서울특별시 강남구 도산대로57길 8,37.5241419,127.0414176
서울특별시 강남구 봉은사로114길 38,37.512706,127.0653869
서울특별시 강남구 도산대로54길 18,37.5215756,127.0386089
서울특별시 강남구 도산대로49길 10-6,37.523692,127.0378901
서울특별시 강남구 선릉로161길 21-4,37.5271709,127.0384684
서울특별시 강남구 강남대로98길 27,37.5010241,127.0288802
서울특별시 강남구 선릉로138길 44,37.51891,127.0441751
서울특별시 강남구 삼성로104길 28,37.5112344,127.0569689
서울특별시 강남구 압구정로2길 46,37.5187712,127.0206688
서울특별시 강남구 언주로154길 16,37.5233295,127.034638
서울특별시 강남구 논현로106길 18,37.5062529,127.0358698
서울특별시 강남구 봉은사로18길 31,37.504233,127.0297898
서울특별시 강남구 도곡로37길 38,37.4962985,127.0447932
서울특별시 강남구 강남대로156길 14,37.5180642,127.0203829
서울특별시 강남구 언주로173길 14,37.5282031,127.032297
서울특별시 강남구 역삼로17길 53,37.498243,127.036225
서울특별시 강남구 역삼로 421,37.5015119,127.0530636
서울특별시 강남구 선릉로148길 28,37.5226099,127.0418446
서울특별시 강남구 강남대로154길 13,37.5178091,127.020321
서울특별시 강남구 영동대로 342,37.5052194,127.0657416
서울특별시 강남구 논현로146길 11,37.5182336,127.0299141
서울특별시 강남구 역삼로64길 22,37.4995919,127.0532085
서울특별시 강남구 선릉로153길 12,37.5250424,127.0385522
서울특별시 강남구 테헤란로 521,37.5090474,127.060893
서울특별시 강남구 강남대로158길 21,37.5192884,127.020501
서울특별시 강남구 도곡로7길 28,37.4926054,127.034487
서울특별시 강남구 남부순환로 2927,37.49391,127.060213
서울특별시 강남구 논현로175길 25,37.5254304,127.0266876
서울특별시 강남구 도산대로 442,37.5233934,127.0436578
서울특별시 강남구 도산대로19길 49,37.5216886,127.0240597
서울특별시 강남구 압구정로34길 43,37.5252119,127.0306782
서울특별시 강남구 언주로168길 33,37.5260563,127.0364321
서울특별시 강남구 논현로 865,37.5259491,127.0282123
서울특별시 강남구 봉은사로 155,37.5068808,127.0314816
서울특별시 강남구 논현로153길 46,37.5205318,127.0244524
서울특별시 강남구 논현로85길 5-6,37.4987522,127.0369257
서울특별시 강남구 학동로5길 5,37.5120927,127.022948
서울특별시 강남구 삼성로126길 6,37.517518,127.0516576
서울특별시 강남구 강남대로48길 11,37.4869665,127.0340915
서울특별시 강남구 선릉로85길 8,37.5029304,127.0488578
서울특별시 강남구 선릉로161길 25,37.5274208,127.0383693
서울특별시 강남구 도산대로49길 10-3,37.5238073,127.0376812
서울특별시 강남구 선릉로153길 21,37.5246365,127.0376357
서울특별시 강남구 도산대로81길 40,37.5270158,127.0468732
서울특별시 강남구 테헤란로25길 10,37.501255,127.0354559
서울특별시 강남구 압구정로4길 13-9,37.5222076,127.020878
서울특별시 강남구 논현로152길 23,37.5214898,127.0301615
서울특별시 강남구 삼성로95길 27,37.507357,127.0537232
서울특별시 강남구 압구정로14길 15,37.5233906,127.0233635
서울특별시 강남구 압구정로 165,37.5273339,127.0274702
서울특별시 강남구 논현로95길 10,37.5024369,127.0350421
서울특별시 강남구 도산대로55길 42,37.5262572,127.0411306
서울특별시 강남구 테헤란로87길 46,37.5125207,127.0588194
서울특별시 강남구 선릉로112길 21,37.5116624,127.0453194
서울특별시 강남구 테헤란로37길 27,37.5040402,127.0401058
서울특별시 강남구 논현로26길 55,37.4844376,127.0463752
서울특별시 강남구 학동로2길 45,37.5087223,127.0236057
서울특별시 강남구 도산대로99길 60,37.5270729,127.0484289
서울특별시 강남구 삼성로149길 13,37.5231857,127.0465505
서울특별시 강남구 선릉로64길 15-11,37.498763,127.0531279
서울특별시 강남구 테헤란로 129,37.5001174,127.0322218
서울특별시 강남구 도산대로15길 15,37.5192179,127.0237293
서울특별시 강남구 논현로26길 41,37.4838793,127.0454002
서울특별시 강남구 강남대로152길 9,37.5172666,127.0202321
서울특별시 강남구 도산대로45길 16-4,37.5233586,127.0357069
서울특별시 강남구 논현로159길 49,37.521849,127.0243312
서울특별시 강남구 봉은사로1길 8,37.5054993,127.0250796
서울특별시 강남구 테헤란로87길 46,37.5125207,127.0588194
서울특별시 강남구 선릉로146길 23,37.5220411,127.04169
서울특별시 강남구 남부순환로 2726,37.4856027,127.044151
서울특별시 강남구 논현로175길 75,37.5236361,127.0230042
서울특별시 강남구 삼성로 212,37.4974176,127.0653272
서울특별시 강남구 논현로72길 16,37.4956462,127.0408104
서울특별시 강남구 학동로68길 7,37.5174448,127.0467984
서울특별시 강남구 테헤란로37길 13-6,37.5030866,127.0401846
서울특별시 강남구 선릉로 524,37.5067648,127.0480846
서울특별시 강남구 도산대로67길 13-3,37.5248092,127.0441329
서울특별시 강남구 논현로175길 69,37.5238505,127.0234579
서울특별시 강남구 논현로175길 39,37.5249398,127.0256277
서울특별시 강남구 선릉로 826,37.5255701,127.040218
서울특별시 강남구 강남대로114길 23,37.5062864,127.0261391
서울특별시 강남구 테헤란로70길 12,37.504759,127.0532549
서울특별시 강남구 테헤란로70길 12,37.504759,127.0532549
서울특별시 강남구 도산대로25길 5,37.5201895,127.0275102
서울특별시 강남구 남부순환로 2734,37.4858308,127.0450703
서울특별시 강남구 도산대로66길 19,37.5223711,127.0443194
서울특별시 강남구 언주로153길 10-5,37.5230876,127.0321852
서울특별시 강남구 삼성로75길 41,37.5025232,127.0548991
서울특별시 강남구 도산대로30길 15,37.5188599,127.0298449
서울특별시 강남구 밤고개로23길 22,37.4737736,127.1086032
서울특별시 강남구 강남대로160길 50,37.5204694,127.022609
서울특별시 강남구 도산대로13길 14-3,37.5253465,127.0383259
서울특별시 강남구 압구정로 165,37.5273339,127.0274702
서울특별시 강남구 도산대로 445,37.5245586,127.0446434
서울특별시 강남구 선릉로 748,37.5214383,127.0405995
서울특별시 강남구 논현로151길 33,37.519698,127.0255189
서울특별시 강남구 언주로168길 22,37.5260572,127.0353445
서울특별시 강남구 삼성로96길 3,37.508764,127.0561406
서울특별시 강남구 봉은사로44길 64,37.5054437,127.0425313
서울특별시 강남구 언주로135길 19,37.5167468,127.033626
서울특별시 강남구 남부순환로365길 22,37.4868791,127.0395007
서울특별시 강남구 선릉로155길 13-1,37.5251817,127.0385163
서울특별시 강남구 언주로164길 34-1,37.5251464,127.0363804
서울특별시 강남구 도산대로67길 13-12,37.525261,127.0436159
서울특별시 강남구 압구정로 113-22,37.5247099,127.0196554
서울특별시 강남구 논현로164길 27,37.5231705,127.030561
서울특별시 강남구 도산대로17길 33,37.520836,127.0239446
서울특별시 강남구 삼성로146길 10,37.5232003,127.0488842
서울특별시 강남구 봉은사로105길 28,37.5170401,127.0614203
서울특별시 강남구 테헤란로13길 22,37.5010834,127.0321855
서울특별시 강남구 선릉로132길 61,37.5190028,127.0461513
서울특별시 강남구 압구정로46길 5-2,37.5280518,127.0368914
서울특별시 강남구 강남대로94길 14,37.4993152,127.0285576
서울특별시 강남구 논현로85길 47,37.4979836,127.0343923
서울특별시 강남구 선릉로129길 9-6,37.5158551,127.0407628
서울특별시 강남구 테헤란로78길 26,37.504494,127.0557921
서울특별시 강남구 언주로148길 14,37.5204069,127.0360954
서울특별시 강남구 강남대로124길 23,37.509377,127.0245212
서울특별시 강남구 영동대로106길 9,37.5135312,127.0618471
서울특별시 강남구 봉은사로 641,37.5154197,127.0654475
서울특별시 강남구 언주로93길 30,37.5036697,127.0394816
서울특별시 강남구 도곡로 112,37.4896557,127.0328555
서울특별시 강남구 학동로 513,37.5199166,127.0538683
서울특별시 강남구 테헤란로37길 42,37.5050606,127.0399057
서울특별시 강남구 논현로86길 20,37.5000169,127.0391181
서울특별시 강남구 봉은사로55길 42-8,37.5134121,127.0441488
서울특별시 강남구 테헤란로44길 8,37.5023262,127.0444546
서울특별시 강남구 도산대로51길 36,37.5254289,127.0381901
서울특별시 강남구 언주로30길 26,37.4873359,127.0528298
서울특별시 강남구 압구정로30길 23,37.5259482,127.0294613
서울특별시 강남구 언주로174길 30,37.5278596,127.0362455
서울특별시 강남구 논현로85길 59,37.4976175,127.0332825
서울특별시 강남구 학동로6길 43,37.509722,127.0260966
서울특별시 강남구 도산대로 232,37.5202882,127.0322154
서울특별시 강남구 삼성로 564,37.5119305,127.0542915
서울특별시 강남구 봉은사로18길 76,37.5017923,127.0273977
서울특별시 강남구 삼성로147길 36,37.5206803,127.0465008
서울특별시 강남구 봉은사로 151,37.5068073,127.0311544
서울특별시 강남구 영동대로106길 41,37.5142599,127.0643736
서울특별시 강남구 테헤란로88길 22,37.5061858,127.0600424
서울특별시 강남구 압구정로29길 67,37.5319894,127.0269384
서울특별시 강남구 언주로 711,37.5173512,127.0341213
서울특별시 강남구 논현로26길 48,37.4839805,127.0460208
서울특별시 강남구 논현로26길 46,37.4838031,127.0458409
서울특별시 강남구 봉은사로 524,37.5125207,127.0588194
서울특별시 강남구 도곡로63길 36,37.4992995,127.0536862
서울특별시 강남구 봉은사로63길 29,37.5131811,127.0464099
서울특별시 강남구 봉은사로84길 10,37.5126397,127.0555724
서울특별시 강남구 테헤란로 129,37.5001174,127.0322218
서울특별시 강남구 논현로63길 69,37.491205,127.0354934
서울특별시 강남구 압구정로 330,37.5282475,127.0376416
서울특별시 강남구 논현로24길 41,37.4829277,127.0460828
서울특별시 강남구 언주로148길 29,37.5210851,127.0368902
서울특별시 강남구 강남대로102길 23,37.5026422,127.0273116
서울특별시 강남구 논현로153길 57,37.5200384,127.0236138
서울특별시 강남구 남부순환로 2712,37.4853993,127.0426627
서울특별시 강남구 논현로175길 6,37.5263156,127.0277602
서울특별시 강남구 강남대로98길 11,37.5008831,127.027485
서울특별시 강남구 선릉로86길 16,37.5032508,127.0510299
서울특별시 강남구 선릉로148길 48,37.5227344,127.0433975
서울특별시 강남구 봉은사로57길 6,37.5112979,127.0454391
서울특별시 강남구 강남대로110길 14,37.5037581,127.0260654
서울특별시 강남구 논현로94길 28,37.5027773,127.0385684
서울특별시 강남구 광평로 280,37.4873264,127.1031402
서울특별시 강남구 도산대로89길 24,37.5259804,127.051444
서울특별시 강남구 테헤란로108길 8,37.5088277,127.0656777
서울특별시 강남구 봉은사로 626,37.5146011,127.0639169
서울특별시 강남구 강남대로156길 33,37.5188926,127.0217631
서울특별시 강남구 언주로93길 22,37.5037916,127.0398382
서울특별시 강남구 도산대로34길 11,37.5196231,127.0310449
서울특별시 강남구 영동대로112길 10,37.5149052,127.0608935
서울특별시 강남구 언주로148길 14,37.5204069,127.0360954
서울특별시 강남구 도산대로17길 35,37.5209143,127.0238855
서울특별시 강남구 선릉로103길 5,37.5074497,127.0453967
서울특별시 강남구 선릉로 420,37.5025104,127.0502667
서울특별시 강남구 삼성로 542,37.5102158,127.0552552
서울특별시 강남구 언주로170길 37,37.5265942,127.0367489
서울특별시 강남구 선릉로100길 34,37.5066571,127.0499875
서울특별시 강남구 언주로98길 26,37.504713,127.043857
서울특별시 강남구 도산대로45길 10-4,37.52313,127.036171
서울특별시 강남구 선릉로148길 40-4,37.5224389,127.0427292
서울특별시 강남구 논현로 642,37.5110138,127.0325277
서울특별시 강남구 선릉로161길 15-3,37.5270552,127.0391429
서울특별시 강남구 강남대로 442,37.5020621,127.0262199
서울특별시 강남구 강남대로160길 17,37.5196253,127.0201008
서울특별시 강남구 봉은사로114길 30-5,37.5128345,127.0650998
서울특별시 강남구 도산대로15길 11,37.5190758,127.0237617
서울특별시 강남구 도산대로53길 30,37.5251463,127.0389161
서울특별시 강남구 논현로176길 28,37.5275041,127.0306304
서울특별시 강남구 역삼로81길 8,37.5039055,127.0591653
서울특별시 강남구 언주로150길 9,37.5211696,127.0351484
서울특별시 강남구 압구정로 334,37.528149,127.038049
서울특별시 강남구 영동대로115길 14,37.5146443,127.058643
서울특별시 강남구 도산대로1길 40,37.5193666,127.0196072
서울특별시 강남구 논현로163길 17,37.5240137,127.0267266
서울특별시 강남구 강남대로154길 43,37.5186924,127.0223974
서울특별시 강남구 도산대로81길 18,37.5255623,127.0477478
서울특별시 강남구 선릉로146길 27-10,37.5224145,127.0423514
서울특별시 강남구 언주로 517,37.5046469,127.0412634
서울특별시 강남구 테헤란로77길 11-13,37.5068057,127.0534668
서울특별시 강남구 테헤란로77길 6,37.5068983,127.0549199
서울특별시 강남구 학동로53길 20,37.5184169,127.0400146
서울특별시 강남구 테헤란로78길 16,37.505202,127.0553917
서울특별시 강남구 도산대로23길 7,37.5196342,127.0259418
서울특별시 강남구 언주로168길 16,37.5261518,127.0349309
서울특별시 강남구 학동로 338,37.5165513,127.0401391
서울특별시 강남구 선릉로146길 27-8,37.5222779,127.0423149
서울특별시 강남구 도산대로49길 6-10,37.5235892,127.0379418
서울특별시 강남구 언주로153길 10-6,37.5231212,127.0323979
서울특별시 강남구 선릉로148길 28,37.5226099,127.0418446
서울특별시 강남구 광평로 280,37.4873264,127.1031402
서울특별시 강남구 압구정로28길 22,37.5252728,127.0273739
서울특별시 강남구 삼성로96길 11,37.5089622,127.0567969
서울특별시 강남구 영동대로 407,37.5055754,127.0642484
서울특별시 강남구 테헤란로83길 36,37.5097776,127.0569713
서울특별시 강남구 논현로164길 25,37.5232932,127.0303073
서울특별시 강남구 선릉로153길 22,37.5249689,127.0375543
서울특별시 강남구 테헤란로 510,37.5071034,127.0584556
서울특별시 강남구 도산대로75길 15,37.5252054,127.0457166
서울특별시 강남구 도산대로 404,37.5229351,127.0398316
서울특별시 강남구 선릉로107길 3-4,37.5088872,127.0438621
서울특별시 강남구 삼성로119길 8,37.5162454,127.0506339
서울특별시 강남구 도산대로27길 16,37.5208524,127.0275794
서울특별시 강남구 테헤란로 517,37.5085949,127.0597186
서울특별시 강남구 도산대로89길 13,37.5255468,127.0507466
서울특별시 강남구 논현로161길 57,37.5222439,127.023709
서울특별시 강남구 선릉로155길 16,37.5256055,127.0384125
서울특별시 강남구 압구정로46길 4,37.5261686,127.0367204
서울특별시 강남구 선릉로152길 7,37.5242594,127.0401648
서울특별시 강남구 압구정로10길 26,37.5219062,127.0218595
서울특별시 강남구 선릉로146길 27-3,37.5220729,127.0420246
서울특별시 강남구 선릉로161길 7,37.5269813,127.0396005
서울특별시 강남구 압구정로 214,37.5279527,127.0307698
서울특별시 강남구 강남대로158길 15,37.5191017,127.0201349
서울특별시 강남구 도산대로1길 10,37.5173967,127.0201683
서울특별시 강남구 테헤란로8길 29,37.4970757,127.0323493
서울특별시 강남구 논현로114길 10,37.5085589,127.0342138
서울특별시 강남구 역삼로 406,37.5005399,127.0515962
서울특별시 강남구 학동로4길 15,37.5105327,127.0235227
서울특별시 강남구 논현로28길 34,37.4836812,127.0448648
서울특별시 강남구 강남대로154길 16,37.5176457,127.0205484
서울특별시 강남구 도곡로3길 26,37.4919748,127.0329997
서울특별시 강남구 도산대로85길 39,37.5271667,127.0494897
서울특별시 강남구 테헤란로39길 51,37.5057152,127.0402756
서울특별시 강남구 언주로164길 34-2,37.5252495,127.0361803
서울특별시 강남구 논현로 329,37.4945957,127.0394501
서울특별시 강남구 언주로167길 46,37.5266135,127.0294082
서울특별시 강남구 학동로2길 35,37.5091736,127.0233216
서울특별시 강남구 삼성로 755,37.5222693,127.048067
서울특별시 강남구 도산대로53길 13,37.5240398,127.0382807
서울특별시 강남구 도곡로99길 31,37.5025905,127.0650359
서울특별시 강남구 논현로159길 46-5,37.5223622,127.0243041
서울특별시 강남구 테헤란로 521,37.5090474,127.060893
서울특별시 강남구 강남대로102길 34,37.5030677,127.0280792
서울특별시 강남구 논현로161길 10,37.5236267,127.0274417
서울특별시 강남구 압구정로50길 22,37.5268767,127.0376775
서울특별시 강남구 논현로152길 36,37.5215066,127.0311082
서울특별시 강남구 영동대로 326,37.5038323,127.0666296
서울특별시 강남구 봉은사로 130,37.5053029,127.0288672
서울특별시 강남구 도산대로55길 47,37.5266874,127.040951
서울특별시 강남구 선릉로148길 15,37.5227118,127.0407585
서울특별시 강남구 언주로30길 26,37.4873359,127.0528298
서울특별시 강남구 선릉로157길 13-5,37.5256588,127.0386463
서울특별시 강남구 압구정로54길 26,37.5263031,127.0390829
서울특별시 강남구 도산대로56길 16,37.5219831,127.0403134
서울특별시 강남구 압구정로10길 40,37.5209194,127.022003
서울특별시 강남구 영동대로106길 37,37.5142249,127.0640865
서울특별시 강남구 학동로2길 15,37.5103435,127.0228233
서울특별시 강남구 테헤란로8길 30,37.4968735,127.031829
서울특별시 강남구 도산대로15길 8,37.5188868,127.0240816
서울특별시 강남구 논현로146길 12,37.5180898,127.0300188
서울특별시 강남구 압구정로14길 12,37.5235123,127.0229922
서울특별시 강남구 압구정로28길 22-7,37.5250225,127.0269372
서울특별시 강남구 테헤란로37길 15,37.5031621,127.040414
서울특별시 강남구 선릉로148길 11,37.5226654,127.0405413
서울특별시 강남구 개포로22길 16,37.4777519,127.0480837
서울특별시 강남구 테헤란로13길 21,37.500984,127.0319289
서울특별시 강남구 광평로 238,37.4858794,127.0987111
서울특별시 강남구 봉은사로24길 12,37.505949,127.0325732
서울특별시 강남구 선릉로148길 38,37.5226832,127.0426291
서울특별시 강남구 언주로153길 12,37.5228727,127.0322104
서울특별시 강남구 논현로36길 21,37.4851194,127.0435891
서울특별시 강남구 도산대로75길 15,37.5252054,127.0457166
서울특별시 강남구 강남대로 438,37.501652,127.0263751
서울특별시 강남구 삼성로149길 15,37.5231903,127.0463472
서울특별시 강남구 논현로 833,37.5228154,127.0276475
서울특별시 강남구 도산대로53길 14,37.5240469,127.038558
서울특별시 강남구 삼성로84길 6,37.5052372,127.0582064
서울특별시 강남구 도산대로54길 17,37.5216494,127.0388028
서울특별시 강남구 선릉로146길 27-8,37.5222779,127.0423149
서울특별시 강남구 강남대로124길 39,37.5096824,127.0255941
서울특별시 강남구 도산대로34길 22,37.5189052,127.0310597
서울특별시 강남구 테헤란로87길 22,37.5095909,127.0592738
서울특별시 강남구 영동대로85길 34,37.5069787,127.0608949
서울특별시 강남구 압구정로34길 11,37.5273895,127.030957
서울특별시 강남구 압구정로79길 51,37.5256485,127.0513215
서울특별시 강남구 논현로149길 5,37.5185502,127.0280008
서울특별시 강남구 광평로51길 8,37.4883694,127.1024722
서울특별시 강남구 언주로167길 46,37.5266135,127.0294082
서울특별시 강남구 학동로 338,37.5165513,127.0401391
서울특별시 강남구 테헤란로4길 46,37.4953995,127.030406
서울특별시 강남구 언주로148길 14,37.5204069,127.0360954
서울특별시 강남구 삼성로86길 7,37.5057901,127.0579462
서울특별시 강남구 선릉로 424,37.5028883,127.0500833
서울특별시 강남구 언주로170길 22,37.5266079,127.0354167
서울특별시 강남구 학동로2길 50,37.5083531,127.023425
서울특별시 강남구 도산대로94길 20,37.5238155,127.0516185
서울특별시 강남구 강남대로122길 14,37.5078597,127.024338
서울특별시 강남구 압구정로2길 59,37.5180886,127.021585
서울특별시 강남구 도산대로53길 12,37.5238879,127.0385074
서울특별시 강남구 삼성로 529,37.509158,127.0549755
서울특별시 강남구 강남대로150길 10,37.5157649,127.0207105
서울특별시 강남구 테헤란로68길 25,37.5036624,127.0528475
서울특별시 강남구 선릉로 712,37.5184763,127.0410422
서울특별시 강남구 선릉로64길 15-5,37.4984195,127.0533033
서울특별시 강남구 강남대로110길 32,37.5036827,127.0274631
서울특별시 강남구 언주로 632,37.5130623,127.0358429
서울특별시 강남구 논현로149길 40,37.5177435,127.0252962
서울특별시 강남구 언주로148길 6,37.5202373,127.0351164
서울특별시 강남구 도산대로 152,37.518171,127.0252254
서울특별시 강남구 테헤란로4길 46,37.4953995,127.030406
서울특별시 강남구 논현로149길 51,37.5171514,127.0245509
서울특별시 강남구 논현로28길 47,37.4846786,127.0454735
서울특별시 강남구 봉은사로108길 21,37.5136169,127.0644412
서울특별시 강남구 삼성로100길 23-3,37.5102384,127.0571512
서울특별시 강남구 논현로168길 22,37.5236531,127.0300269
서울특별시 강남구 테헤란로98길 28,37.5065661,127.0627967
서울특별시 강남구 논현로 857,37.5252412,127.0280596
서울특별시 강남구 논현로26길 46-6,37.4836144,127.0460195
서울특별시 강남구 언주로170길 26-6,37.5263333,127.0357468
서울특별시 강남구 남부순환로 2947,37.4945248,127.062584
서울특별시 강남구 압구정로29길 68,37.5319756,127.0285632
서울특별시 강남구 역삼로4길 16,37.4924086,127.0320238
서울특별시 강남구 논현로157길 29,37.5219195,127.025891
서울특별시 강남구 압구정로10길 37,37.5211402,127.022243
서울특별시 강남구 도산대로45길 8-3,37.5229945,127.0362381
서울특별시 강남구 강남대로140길 9,37.5140357,127.0212117
서울특별시 강남구 강남대로152길 29,37.5179106,127.0217191
서울특별시 강남구 영동대로112길 61,37.5159856,127.0652076
서울특별시 강남구 도산대로17길 8,37.5192989,127.0250239
서울특별시 강남구 남부순환로 2947,37.4945248,127.062584
서울특별시 강남구 압구정로42길 23,37.5273393,127.0352389
서울특별시 강남구 언주로 541,37.5063369,127.0403284
서울특별시 강남구 강남대로156길 17,37.5183912,127.0205405
서울특별시 강남구 논현로95길 14,37.5023972,127.0346539
서울특별시 강남구 압구정로 162,37.5262974,127.0274473
서울특별시 강남구 도산대로102길 5,37.5243987,127.0530515
서울특별시 강남구 압구정로 314,37.5287031,127.0357946
서울특별시 강남구 봉은사로 524,37.5125207,127.0588194
서울특별시 강남구 언주로98길 9,37.505138,127.0426048
서울특별시 강남구 영동대로114길 9,37.5155078,127.0607416
서울특별시 강남구 언주로152길 11-7,37.5231314,127.0344011
서울특별시 강남구 도산대로53길 14,37.5240469,127.038558
서울특별시 강남구 삼성로82길 6,37.5049067,127.0583594
서울특별시 강남구 도산대로30길 24,37.5183294,127.0298679
서울특별시 강남구 언주로146길 37,37.5206534,127.03789
서울특별시 강남구 선릉로126길 14,37.5152778,127.0432463
서울특별시 강남구 언주로164길 41,37.5254062,127.0369148
서울특별시 강남구 개포로 508,37.4892091,127.0679609
서울특별시 강남구 도산대로50길 5,37.5220709,127.0375991
서울특별시 강남구 압구정로30길 17,37.5263249,127.0295435
서울특별시 강남구 압구정로14길 32,37.5222745,127.0232899
서울특별시 강남구 광평로 295,37.488456,127.10419
서울특별시 강남구 도산대로15길 15,37.5192179,127.0237293
서울특별시 강남구 선릉로 660,37.5155551,127.0423675
서울특별시 강남구 압구정로79길 38,37.5252718,127.0502664
서울특별시 강남구 학동로38길 38,37.5124681,127.0344504
서울특별시 강남구 테헤란로37길 13-7,37.5028076,127.0401007
서울특별시 강남구 봉은사로114길 38,37.512706,127.0653869
서울특별시 강남구 선릉로129길 21,37.5158246,127.039781
서울특별시 강남구 강남대로156길 35,37.5189398,127.0218775
서울특별시 강남구 도산대로17길 13,37.5195022,127.0246047
서울특별시 강남구 압구정로79길 58,37.5254238,127.0520146
서울특별시 강남구 도곡로2길 14,37.4887635,127.0331447
서울특별시 강남구 학동로 338,37.5165513,127.0401391
서울특별시 강남구 강남대로152길 11,37.5173824,127.0203351
서울특별시 강남구 도산대로58길 15,37.5222843,127.0415663
서울특별시 강남구 도산대로66길 13,37.5227397,127.0444177
서울특별시 강남구 선릉로 664,37.5158959,127.0422861
서울특별시 강남구 영동대로 725,37.5224607,127.0551204
서울특별시 강남구 학동로82길 12,37.518101,127.051358
서울특별시 강남구 언주로150길 50,37.5219729,127.0382652
서울특별시 강남구 도산대로15길 47,37.5212546,127.0232224
서울특별시 강남구 도산대로85길 14,37.5254355,127.0491972
서울특별시 강남구 논현로38길 6,37.4850657,127.0420979
서울특별시 강남구 광평로 280,37.4873264,127.1031402
서울특별시 강남구 밤고개로34길 8,37.4637071,127.1071788
서울특별시 강남구 논현로 429,37.4991461,127.037422
서울특별시 강남구 도산대로23길 17,37.5201515,127.0259665
서울특별시 강남구 언주로167길 38,37.5266225,127.0301064
서울특별시 강남구 테헤란로78길 8,37.5056259,127.0552143
서울특별시 강남구 영동대로114길 5,37.515316,127.0603944
서울특별시 강남구 강남대로94길 15,37.4996351,127.0285951
서울특별시 강남구 역삼로67길 19,37.5025922,127.0527124
서울특별시 강남구 삼성로147길 8,37.5224473,127.0474857
서울특별시 강남구 선릉로153길 36,37.524797,127.0364651
서울특별시 강남구 논현로30길 42,37.4846602,127.0450934
서울특별시 강남구 도산대로17길 43,37.5212819,127.0235855
서울특별시 강남구 언주로170길 37,37.5265942,127.0367489
서울특별시 강남구 도산대로45길 7,37.5227772,127.0353146
서울특별시 강남구 논현로164길 11,37.5236938,127.0294376
서울특별시 강남구 삼성로 622,37.5152142,127.0524102
서울특별시 강남구 삼성로 634,37.5166089,127.0517771
서울특별시 강남구 언주로30길 56,37.4882228,127.0544393
서울특별시 강남구 테헤란로 322,37.5029732,127.0465325
서울특별시 강남구 남부순환로355길 17,37.4859961,127.0355849
서울특별시 강남구 헌릉로 569,37.4657816,127.1011914
서울특별시 강남구 테헤란로 431,37.5065995,127.0541343
서울특별시 강남구 도산대로90길 16,37.5235766,127.048926
서울특별시 강남구 강남대로152길 63,37.5189343,127.0242276
서울특별시 강남구 압구정로14길 6,37.5238624,127.0229512
서울특별시 강남구 압구정로79길 56,37.5253939,127.0517841
서울특별시 강남구 논현로153길 43,37.5203801,127.0247106
서울특별시 강남구 강남대로156길 39,37.519061,127.0220873
서울특별시 강남구 논현로150길 35,37.5199736,127.0313351
서울특별시 강남구 논현로24길 37,37.4827851,127.0456289
서울특별시 강남구 선릉로152길 33,37.5245501,127.0423009
서울특별시 강남구 압구정로60길 22,37.5259216,127.0416082
서울특별시 강남구 강남대로158길 12,37.5187613,127.0199331
서울특별시 강남구 압구정로42길 22,37.527484,127.0349161
서울특별시 강남구 압구정로 309,37.5312143,127.0354395
서울특별시 강남구 압구정로12길 35,37.5265851,127.0373028
서울특별시 강남구 논현로28길 10,37.4824564,127.0437374
서울특별시 강남구 테헤란로 152,37.4998097,127.0366289
서울특별시 강남구 논현로153길 51,37.5203045,127.0241465
서울특별시 강남구 선릉로148길 43,37.5230246,127.0430163
서울특별시 강남구 삼성로84길 23,37.5058326,127.0594309
서울특별시 강남구 봉은사로78길 15,37.5118277,127.0531842
서울특별시 강남구 언주로85길 26,37.5007139,127.0418096
서울특별시 강남구 테헤란로28길 41,37.4984393,127.0398559
서울특별시 강남구 도산대로11길 28,37.519367,127.0225811
서울특별시 강남구 삼성로104길 13,37.511069,127.0557156
서울특별시 강남구 학동로4길 12,37.5106257,127.0229874
서울특별시 강남구 언주로168길 5,37.5266272,127.0340253
서울특별시 강남구 테헤란로20길 15,37.4987449,127.0347462
서울특별시 강남구 테헤란로 440,37.50579,127.0561533
서울특별시 강남구 선릉로152길 37,37.5246691,127.0427083
서울특별시 강남구 도산대로 153,37.5188499,127.025219
서울특별시 강남구 학동로25길 14,37.5146124,127.0290032
서울특별시 강남구 봉은사로 227,37.508508,127.0369156
서울특별시 강남구 압구정로28길 25,37.5249358,127.0278206
서울특별시 강남구 학동로2길 20,37.510073,127.0226009
서울특별시 강남구 영동대로 513,37.5125207,127.0588194
서울특별시 강남구 선릉로 527,37.5064786,127.047394
서울특별시 강남구 봉은사로68길 21,37.5107602,127.0508224
서울특별시 강남구 봉은사로 150,37.5061222,127.0311805
서울특별시 강남구 언주로148길 14,37.5204069,127.0360954
서울특별시 강남구 논현로159길 10,37.5231372,127.0274336
서울특별시 강남구 학동로 158,37.5127464,127.0284752
서울특별시 강남구 선릉로121길 5,37.5138915,127.0419748
서울특별시 강남구 도산대로55길 45,37.5265928,127.0409177
서울특별시 강남구 도산대로81길 14,37.5253661,127.0478552
서울특별시 강남구 언주로164길 23,37.5256383,127.0354354
서울특별시 강남구 개포로 621,37.4941587,127.0786895
서울특별시 강남구 선릉로 803,37.5239239,127.0389805
서울특별시 강남구 선릉로129길 15,37.5159897,127.0403042
서울특별시 강남구 테헤란로83길 53,37.510851,127.0563211
서울특별시 강남구 강남대로122길 20,37.5080539,127.0246206
서울특별시 강남구 압구정로2길 45,37.5189515,127.0210997
서울특별시 강남구 봉은사로84길 30,37.5114031,127.0560849
서울특별시 강남구 언주로97길 15,37.505125,127.0401019
서울특별시 강남구 논현로 841,37.5240574,127.0279161
서울특별시 강남구 선릉로157길 23,37.5260965,127.0379394
서울특별시 강남구 언주로 615,37.5105414,127.0359456
서울특별시 강남구 압구정로28길 22-9,37.5250369,127.0267791
서울특별시 강남구 도산대로81길 13,37.5253534,127.0475322
서울특별시 강남구 도산대로53길 32,37.5252804,127.0389638
서울특별시 강남구 영동대로 513,37.5125207,127.0588194
서울특별시 강남구 영동대로85길 38,37.506636,127.0605658
서울특별시 강남구 언주로172길 56,37.5267912,127.0383007
서울특별시 강남구 언주로 819,37.5233531,127.0327947
서울특별시 강남구 삼성로103길 19,37.50996,127.0530674
서울특별시 강남구 논현로28길 36,37.4838812,127.0450937
서울특별시 강남구 도곡로4길 10,37.4893144,127.0333035
서울특별시 강남구 도산대로81길 51,37.5271238,127.0457791
서울특별시 강남구 테헤란로81길 35,37.5091562,127.0562958
서울특별시 강남구 도곡로22길 5,37.4915261,127.0397135
서울특별시 강남구 논현로175길 68,37.5241075,127.0234405
서울특별시 강남구 도곡로 418,37.4970089,127.0562594
서울특별시 강남구 삼성로 308,37.4997202,127.0608292
서울특별시 강남구 압구정로14길 11,37.5236092,127.0233673
서울특별시 강남구 학동로2길 33,37.5092972,127.0232668
서울특별시 강남구 테헤란로 139,37.5004282,127.0343247
서울특별시 강남구 논현로94길 7,37.5024719,127.0369365
서울특별시 강남구 압구정로2길 46,37.5187712,127.0206688
서울특별시 강남구 영동대로 336,37.5047685,127.0659233
서울특별시 강남구 강남대로150길 10,37.5157649,127.0207105
서울특별시 강남구 압구정로 151,37.5262221,127.0244795
서울특별시 강남구 일원로9길 65,37.4910335,127.0868916
서울특별시 강남구 논현로138길 4,37.5164611,127.0300725
서울특별시 강남구 논현로151길 55,37.5194812,127.0236789
서울특별시 강남구 테헤란로14길 27,37.4975547,127.0339032
서울특별시 강남구 역삼로17길 64,37.4988924,127.0366102
서울특별시 강남구 강남대로124길 20,37.5090622,127.0242355
서울특별시 강남구 선릉로146길 5,37.5219455,127.0401576
서울특별시 강남구 도산대로 318,37.5220158,127.0363493
서울특별시 강남구 역삼로7길 2,37.4943758,127.0335193
서울특별시 강남구 학동로97길 72,37.5242041,127.0533643
서울특별시 강남구 도산대로 442,37.5233934,127.0436578
서울특별시 강남구 도산대로83길 17,37.5255552,127.0481752
서울특별시 강남구 언주로 708,37.5163933,127.0357018
서울특별시 강남구 논현로131길 10,37.5145549,127.0294521
서울특별시 강남구 봉은사로 130,37.5053029,127.0288672
서울특별시 강남구 영동대로 424,37.5074289,127.0645589
서울특별시 강남구 삼성로 341,37.5019016,127.0589304
서울특별시 강남구 학동로2길 56,37.5079654,127.0236097
서울특별시 강남구 도산대로50길 15,37.5214842,127.0377189
서울특별시 강남구 언주로98길 5,37.5051884,127.0421826
서울특별시 강남구 언주로164길 37,37.5254738,127.0365538
서울특별시 강남구 남부순환로 2921,37.4936059,127.0597001
서울특별시 강남구 봉은사로86길 14,37.5124971,127.0562596
